<?xml version="1.0" encoding="UTF-8"?>
<project-private xmlns="http://www.netbeans.org/ns/project-private/1">
    <editor-bookmarks xmlns="http://www.netbeans.org/ns/editor-bookmarks/2" lastBookmarkId="0"/>
    <open-files xmlns="http://www.netbeans.org/ns/projectui-open-files/2">
        <group>
            <file>file:/D:/King%20of%20Code/Java/CarsManager/src/bka/binhnk/model/Employee.java</file>
            <file>file:/D:/King%20of%20Code/Java/CarsManager/src/bka/binhnk/model/CustomerMethod.java</file>
            <file>file:/D:/King%20of%20Code/Java/CarsManager/src/bka/binhnk/model/Customer.java</file>
            <file>file:/D:/King%20of%20Code/Java/CarsManager/src/bka/binhnk/model/CarMethod.java</file>
            <file>file:/D:/King%20of%20Code/Java/CarsManager/src/bka/binhnk/constant/Constant.java</file>
            <file>file:/D:/King%20of%20Code/Java/CarsManager/src/bka/binhnk/model/EmployeeMethod.java</file>
            <file>file:/D:/King%20of%20Code/Java/CarsManager/src/bka/binhnk/controller/MainController.java</file>
            <file>file:/D:/King%20of%20Code/Java/CarsManager/src/bka/binhnk/model/Car.java</file>
        </group>
    </open-files>
</project-private>
