<?xml version="1.0" encoding="UTF-8"?>
<beans xmlns="http://www.springframework.org/schema/beans"
	xmlns:xsi="http://www.w3.org/2001/XMLSchema-instance" xmlns:tx="http://www.springframework.org/schema/tx"
	xmlns:p="http://www.springframework.org/schema/p" xmlns:context="http://www.springframework.org/schema/context"
	xmlns:mvc="http://www.springframework.org/schema/mvc"
	xsi:schemaLocation="
        http://www.springframework.org/schema/beans
        http://www.springframework.org/schema/beans/spring-beans-3.0.xsd
        http://www.springframework.org/schema/tx
        http://www.springframework.org/schema/tx/spring-tx-3.0.xsd
        http://www.springframework.org/schema/context
        http://www.springframework.org/schema/context/spring-context-3.0.xsd
        http://www.springframework.org/schema/mvc
        http://www.springframework.org/schema/mvc/spring-mvc-3.0.xsd
        ">
	<!-- DispatcherServlet Context: defines this servlet'request-processing 
		infrastructure -->
	<!-- Enables the Spring MVC @Controller programing model -->
	<context:component-scan base-package="dinhthang.project" />
	
	<!-- <annotation-driven/> -->
	<mvc:annotation-driven />
	
	<context:annotation-config />
	
	<mvc:default-servlet-handler />
	
	<mvc:resources mapping="/webjars/**" location="/webjars/" />
	
	<mvc:resources mapping="/resources/**" location="/resources/" />

	<bean id="dataSource"
		class="org.springframework.jdbc.datasource.DriverManagerDataSource">
		<property name="driverClassName" value="com.mysql.jdbc.Driver" />
		<property name="url" value="jdbc:mysql://localhost:3303/commenexm?characterEncoding=UTF-8" />
		<property name="username" value="root" />
		<property name="password" value="Thangkuu" />	
	</bean>

	<!-- Session Factory Declaration -->
	<bean id="sessionFactory"
		class="org.springframework.orm.hibernate4.LocalSessionFactoryBean">
		<property name="dataSource" ref="dataSource" />
		<property name="packagesToScan" value="com.hust.model" />
		<property name="hibernateProperties">
			<props>
				<prop key="hibernate.dialect">org.hibernate.dialect.MySQLDialect</prop>
				<prop key="hibernate.show_sql">true</prop>
				<prop key="hibernate.enable_lazy_load_no_trans">true</prop>
				<!-- <prop key="hibernate.default_schema">test</prop> -->
				<prop key="hibernate.format_sql">true</prop>
				<prop key="hibernate.use_sql_comments">true</prop>
				<prop key="hibernate.current_session_context_class">thread</prop>
				<prop key="hibernate.connection.CharSet">utf8</prop>
				<prop key="hibernate.connection.characterEncoding">utf8</prop>
				<prop key="hibernate.connection.useUnicode">true</prop>
				<prop key="hibernate.hbm2ddl.auto">update</prop>
			</props>		
		</property>
			

	</bean>

	<tx:annotation-driven transaction-manager="transactionManager" />

	<bean id="transactionManager"
		class="org.springframework.orm.hibernate4.HibernateTransactionManager">
		<property name="sessionFactory" ref="sessionFactory" />

	</bean>
	
	<tx:annotation-driven proxy-target-class="true" transaction-manager="transactionManager" />

	<bean id="jspViewResolver"
		class="org.springframework.web.servlet.view.InternalResourceViewResolver">
		<property name="viewClass"
			value="org.springframework.web.servlet.view.JstlView" />
		<property name="prefix" value="/WEB-INF/views/" />
		<property name="suffix" value=".jsp" />
	</bean>
	
	<bean id="multipartResolver"
        class="org.springframework.web.multipart.commons.CommonsMultipartResolver">
        <!-- max upload size in bytes -->
        <property name="maxUploadSize" value="20971520" /> <!-- 20MB -->

        <!-- max size of file in memory (in bytes) -->
        <property name="maxInMemorySize" value="1048576" /> <!-- 1MB -->

    </bean>

</beans>