<?xml version="1.0" encoding="UTF-8"?>
<project-private xmlns="http://www.netbeans.org/ns/project-private/1">
    <editor-bookmarks xmlns="http://www.netbeans.org/ns/editor-bookmarks/2" lastBookmarkId="0"/>
    <open-files xmlns="http://www.netbeans.org/ns/projectui-open-files/2">
        <group>
            <file>file:/D:/các%20môn/productManaged1/src/productmanaged1/model/KhachHang.java</file>
            <file>file:/D:/các%20môn/productManaged1/src/productManage/Service/IMenu.java</file>
            <file>file:/D:/các%20môn/productManaged1/src/productManaged/Controller/MainProcess.java</file>
            <file>file:/D:/các%20môn/productManaged1/src/productManaged/Controller/userController.java</file>
            <file>file:/D:/các%20môn/productManaged1/src/productManaged/Controller/MenuController.java</file>
        </group>
    </open-files>
</project-private>
