<?xml version="1.0" encoding="UTF-8"?>
<project-private xmlns="http://www.netbeans.org/ns/project-private/1">
    <editor-bookmarks xmlns="http://www.netbeans.org/ns/editor-bookmarks/2" lastBookmarkId="0"/>
    <open-files xmlns="http://www.netbeans.org/ns/projectui-open-files/2">
        <group>
            <file>file:/C:/Users/MyPC/Desktop/ShopGiay/src/vn/hust/namtk/model/ChiTietNhapXuat.java</file>
            <file>file:/C:/Users/MyPC/Desktop/ShopGiay/src/vn/hust/namtk/model/NhanVienBanHang.java</file>
            <file>file:/C:/Users/MyPC/Desktop/ShopGiay/src/vn/hust/namtk/model/NhanVien.java</file>
            <file>file:/C:/Users/MyPC/Desktop/ShopGiay/src/vn/hust/namtk/model/HoaDon.java</file>
            <file>file:/C:/Users/MyPC/Desktop/ShopGiay/src/vn/hust/namtk/controller/MenuNhapHang.java</file>
            <file>file:/C:/Users/MyPC/Desktop/ShopGiay/src/vn/hust/namtk/controller/NhapHangController.java</file>
            <file>file:/C:/Users/MyPC/Desktop/ShopGiay/src/vn/hust/namtk/controller/ProcessMain.java</file>
            <file>file:/C:/Users/MyPC/Desktop/ShopGiay/src/vn/hust/namtk/model/ChiTietHangNhap.java</file>
        </group>
    </open-files>
</project-private>
