<?xml version="1.0" encoding="UTF-8"?><project-modules id="moduleCoreId" project-version="1.5.0">
    <wb-module deploy-name="Project">
        <wb-resource deploy-path="/WEB-INF/web.xml" source-path="/src/main/webapp/WEB-INF/web.xml"/>
        <wb-resource deploy-path="/" source-path="/target/m2e-wtp/web-resources"/>
        <wb-resource deploy-path="/" source-path="/src/main/webapp" tag="defaultRootSource"/>
        <wb-resource deploy-path="/WEB-INF/classes" source-path="/src/main/java"/>
        <wb-resource deploy-path="/WEB-INF/classes" source-path="/src/test/java"/>
        <property name="context-root" value="Project"/>
        <property name="java-output-path" value="/Project/target/classes"/>
    </wb-module>
</project-modules>
